{"loss":2.66436505317688,"train_acc_0":0.103515625,"val_acc_0":0.09853830933570862,"_timestamp":1.732477583131486e+09,"_wandb":{"runtime":7},"_runtime":7.555850525,"_step":0}