{"_wandb":{"runtime":9},"loss":2.7965643405914307,"train_acc_0":0.10019531100988388,"val_acc_0":0.1239919364452362,"_timestamp":1.7324774835846186e+09,"_runtime":9.238583442,"_step":0}